,SCAFFOLD,LENGTH,LENGTH_NO_Ns
2,Chromosome3,413347985,413347985
0,Chromosome1,364719421,364719421
6,Chromosome7,362452887,362452887
5,Chromosome6,361799416,361799416
1,Chromosome2,293452440,293452440
3,Chromosome4,283092796,283092796
4,Chromosome5,271427437,271427437
542,contig_7894_1,1723966,1723966
545,contig_9424_1,977915,977915
978,contig_8472_1,696672,696672
48,contig_1705_1,617058,617058
304,contig_5228_1,559445,559445
382,contig_5526_1,550526,550526
1000,contig_12949_1,527905,527905
366,contig_14805_1,520753,520753
1597,contig_28943_1,502512,502512
338,contig_19763_1,485196,485196
543,contig_27167_1,483289,483289
544,contig_26634_1,470128,470128
764,contig_30022_1,445399,445399
1654,contig_20310_1,434267,434267
1225,contig_5106_1,406878,406878
1336,contig_10342_1,404946,404946
1657,contig_16033_1,393431,393431
1136,contig_8291_1,392236,392236
939,contig_41533_1,389049,389049
346,contig_11229_1,386045,386045
209,contig_1215_1,384021,384021
683,contig_30536_1,381033,381033
445,contig_17489_1,372906,372906
114,contig_11274_1,366794,366794
298,contig_24242_1,363999,363999
1460,contig_17643_1,360591,360591
597,contig_20309_1,350461,350461
171,contig_15296_1,332671,332671
239,contig_32103_1,328948,328948
1672,contig_35329_1,322464,322464
1228,contig_13061_1,311782,311782
1651,contig_4106_1,310690,310690
1234,contig_17705_1,310310,310310
1307,contig_15802_1,308602,308602
1247,contig_18504_1,307782,307782
148,contig_10568_1,303379,303379
1023,contig_27846_1,303336,303336
568,contig_24245_1,297067,297067
419,contig_9998_1,295976,295976
838,contig_28054_1,283274,283274
680,contig_38842_1,282879,282879
1189,contig_15940_1,280276,280276
1561,contig_28069_1,278567,278567
715,contig_10094_1,278093,278093
648,contig_34263_1,274652,274652
508,contig_4553_1,273121,273121
915,contig_23317_1,269551,269551
767,contig_7986_1,268548,268548
802,contig_12112_1,266404,266404
319,contig_32528_1,264785,264785
193,contig_8179_1,263728,263728
712,contig_20234_1,263553,263553
182,contig_35737_1,263356,263356
1264,contig_21203_1,261378,261378
1204,contig_17360_1,258076,258076
1183,contig_34223_1,253724,253724
775,contig_7407_1,247959,247959
801,contig_42715_1,246006,246006
41,contig_45265_1,243143,243143
379,contig_27164_1,238145,238145
152,contig_34511_1,231442,231442
1236,contig_23365_1,223177,223177
386,contig_14241_1,217245,217245
1694,contig_13732_1,216106,216106
772,contig_3342_1,215814,215814
216,contig_45531_1,210900,210900
1504,contig_5254_1,207030,207030
175,contig_62246_1,206022,206022
403,contig_58534_1,203807,203807
1050,contig_4153_1,202869,202869
1058,contig_39330_1,201509,201509
505,contig_20394_1,196568,196568
1530,contig_17646_1,195151,195151
1216,contig_12257_1,188093,188093
1155,contig_1381_1,182744,182744
1644,contig_55932_1,181332,181332
1492,contig_31602_1,176824,176824
1125,contig_34818_1,171776,171776
1021,contig_23977_1,171178,171178
972,contig_26076_1,170707,170707
546,contig_49484_1,168512,168512
621,contig_34186_1,165609,165609
14,contig_24363_1,163678,163678
927,contig_7889_1,160331,160331
1090,contig_10888_1,158192,158192
139,contig_31174_1,158095,158095
1132,contig_46162_1,157425,157425
834,contig_57733_1,156461,156461
1515,contig_10586_1,156259,156259
1476,contig_30298_1,155015,155015
466,contig_30453_1,152530,152530
1059,contig_19832_1,149642,149642
1075,contig_35592_1,144794,144794
1092,contig_46927_1,143797,143797
150,contig_34027_1,142849,142849
1285,contig_18199_1,142294,142294
1705,contig_1816_1,136755,136755
352,contig_34417_1,134629,134629
472,contig_57701_1,133724,133724
1135,contig_36984_1,127825,127825
959,contig_33712_1,127638,127638
1195,contig_16488_1,127035,127035
1035,contig_46466_1,126747,126747
1678,contig_41433_1,126570,126570
417,contig_44089_1,125335,125335
1099,contig_6714_1,124409,124409
226,contig_11879_1,124139,124139
1660,contig_34097_1,123798,123798
901,contig_6780_1,123358,123358
1439,contig_39058_1,117943,117943
153,contig_28945_1,117900,117900
37,contig_34821_1,115344,115344
1533,contig_7103_1,115343,115343
1445,contig_68410_1,113563,113563
406,contig_39879_1,113074,113074
1640,contig_40198_1,111654,111654
929,contig_33265_1,111303,111303
855,contig_34441_1,111167,111167
347,contig_4521_1,111109,111109
256,contig_49565_1,110155,110155
814,contig_65615_1,110137,110137
591,contig_47030_1,109083,109083
807,contig_32025_1,108907,108907
1574,contig_59689_1,108599,108599
1398,contig_1679_1,108347,108347
1743,contig_35635_1,107795,107795
729,contig_66381_1,104334,104334
1064,contig_31409_1,104180,104180
1368,contig_39246_1,103930,103930
364,contig_34325_1,103806,103806
343,contig_19475_1,103603,103603
1007,contig_8750_1,103467,103467
603,contig_11182_1,103102,103102
1011,contig_21027_1,100310,100310
454,contig_26598_1,100150,100150
770,contig_37881_1,99685,99685
1096,contig_35232_1,99683,99683
161,contig_62500_1,99151,99151
684,contig_68743_1,98879,98879
797,contig_51064_1,98799,98799
868,contig_29671_1,98713,98713
933,contig_13859_1,98283,98283
906,contig_28342_1,97716,97716
1446,contig_34836_1,97691,97691
936,contig_32828_1,97328,97328
1461,contig_25424_1,97167,97167
975,contig_6788_1,96295,96295
1346,contig_52282_1,95987,95987
673,contig_28343_1,95506,95506
1238,contig_24944_1,95091,95091
1271,contig_21297_1,94981,94981
816,contig_20190_1,94750,94750
474,contig_13398_1,94264,94264
790,contig_33315_1,94171,94171
843,contig_33095_1,94138,94138
141,contig_28051_1,94033,94033
257,contig_1638_1,93522,93522
650,contig_16678_1,92941,92941
415,contig_41879_1,91898,91898
895,contig_10549_1,91775,91775
1682,contig_37372_1,91766,91766
773,contig_43457_1,91663,91663
1714,contig_55918_1,91472,91472
910,contig_30137_1,91143,91143
850,contig_30174_1,90777,90777
800,contig_67767_1,90609,90609
1034,contig_43958_1,90023,90023
1254,contig_52156_1,89996,89996
1259,contig_45688_1,89809,89809
100,contig_25485_1,89054,89054
640,contig_35654_1,88770,88770
1355,contig_2376_1,88764,88764
526,contig_46222_1,88236,88236
391,contig_46252_1,88145,88145
996,contig_41398_1,87919,87919
480,contig_34541_1,87845,87845
1065,contig_41486_1,87784,87784
1686,contig_21975_1,87464,87464
188,contig_70280_1,87135,87135
1733,contig_11860_1,86639,86639
1210,contig_13026_1,86515,86515
1455,contig_6666_1,85977,85977
1707,contig_31078_1,85877,85877
233,contig_2589_1,85627,85627
1333,contig_7338_1,85555,85555
158,contig_38523_1,85195,85195
1331,contig_12761_1,85170,85170
1366,contig_34406_1,85154,85154
1153,contig_42541_1,84781,84781
1436,contig_69384_1,84609,84609
876,contig_57652_1,84566,84566
1145,contig_58181_1,84510,84510
1763,contig_65118_1,83610,83610
56,contig_42592_1,83369,83369
330,contig_18027_1,83292,83292
1407,contig_67382_1,82927,82927
1529,contig_58280_1,82142,82142
1675,contig_56006_1,81974,81974
1319,contig_23207_1,81821,81821
1684,contig_35624_1,81391,81391
1558,contig_21807_1,81283,81283
1409,contig_54109_1,81103,81103
979,contig_45622_1,80778,80778
893,contig_36230_1,80587,80587
1696,contig_34131_1,80261,80261
990,contig_69946_1,80141,80141
704,contig_39503_1,79162,79162
178,contig_44367_1,79056,79056
1411,contig_32397_1,78979,78979
397,contig_33317_1,78837,78837
13,contig_31595_1,78490,78490
676,contig_30114_1,78450,78450
446,contig_32390_1,77649,77649
749,contig_35943_1,77190,77190
1585,contig_47031_1,76988,76988
903,contig_30023_1,76800,76800
190,contig_25423_1,76688,76688
1305,contig_52022_1,76195,76195
659,contig_2638_1,76154,76154
1235,contig_27349_1,75762,75762
1057,contig_50508_1,75711,75711
998,contig_3277_1,75593,75593
293,contig_17635_1,75534,75534
443,contig_15599_1,75326,75326
806,contig_41017_1,75268,75268
1637,contig_37934_1,74536,74536
1291,contig_30217_1,74471,74471
733,contig_14978_1,74449,74449
1514,contig_70486_1,74273,74273
631,contig_39055_1,74173,74173
140,contig_67230_1,74043,74043
1017,contig_22499_1,73459,73459
1491,contig_37609_1,73409,73409
1494,contig_31718_1,73376,73376
55,contig_10078_1,73344,73344
1013,contig_40914_1,73313,73313
795,contig_65343_1,73218,73218
371,contig_4159_1,73064,73064
667,contig_68809_1,72885,72885
886,contig_24292_1,72734,72734
317,contig_13567_1,72695,72695
1632,contig_33163_1,72417,72417
1367,contig_66536_1,72102,72102
485,contig_14396_1,72077,72077
690,contig_66933_1,72006,72006
481,contig_48151_1,71961,71961
1169,contig_60576_1,71807,71807
1039,contig_46334_1,71729,71729
1208,contig_14300_1,71714,71714
829,contig_33551_1,71544,71544
377,contig_38923_1,71511,71511
357,contig_15050_1,71502,71502
1523,contig_10910_1,71300,71300
760,contig_39142_1,71141,71141
262,contig_24835_1,70773,70773
436,contig_33983_1,70748,70748
639,contig_23872_1,70631,70631
1562,contig_37020_1,70479,70479
295,contig_32482_1,70406,70406
552,contig_42439_1,70245,70245
757,contig_11644_1,70211,70211
871,contig_41079_1,69889,69889
1548,contig_20397_1,69834,69834
1248,contig_2207_1,69711,69711
133,contig_45171_1,69710,69710
519,contig_16625_1,69658,69658
1349,contig_38086_1,69604,69604
902,contig_51538_1,69561,69561
131,contig_9463_1,69469,69469
985,contig_15024_1,69166,69166
221,contig_42008_1,69138,69138
821,contig_30755_1,69012,69012
1102,contig_47657_1,68946,68946
110,contig_29978_1,68840,68840
393,contig_37939_1,68830,68830
203,contig_38089_1,68754,68754
173,contig_58880_1,68750,68750
1357,contig_320_1,68701,68701
1134,contig_60218_1,68659,68659
698,contig_33421_1,68581,68581
1274,contig_52158_1,68238,68238
1003,contig_32840_1,68222,68222
223,contig_35578_1,68207,68207
400,contig_5390_1,67771,67771
784,contig_38030_1,67610,67610
363,contig_927_1,67425,67425
1408,contig_37348_1,67404,67404
1093,contig_31780_1,67334,67334
1495,contig_68260_1,66711,66711
1379,contig_5519_1,66637,66637
1466,contig_9627_1,66356,66356
389,contig_5788_1,66327,66327
1178,contig_58132_1,66173,66173
356,contig_24550_1,66101,66101
134,contig_6738_1,65816,65816
662,contig_3196_1,65774,65774
1301,contig_36872_1,65584,65584
60,contig_4517_1,64911,64911
1539,contig_37353_1,64858,64858
1740,contig_42516_1,64775,64775
44,contig_70048_1,64766,64766
1141,contig_18233_1,64626,64626
825,contig_40645_1,64620,64620
1396,contig_64222_1,64515,64515
1033,contig_67434_1,64467,64467
938,contig_20933_1,64354,64354
700,contig_40002_1,64232,64232
1573,contig_13612_1,64172,64172
1266,contig_45901_1,64151,64151
867,contig_6837_1,64101,64101
1054,contig_26371_1,64081,64081
971,contig_70189_1,64042,64042
392,contig_49666_1,64002,64002
506,contig_53382_1,63761,63761
378,contig_61154_1,63673,63673
987,contig_66795_1,63643,63643
384,contig_57634_1,63622,63622
45,contig_48997_1,63611,63611
496,contig_331_1,63322,63322
1401,contig_56955_1,63315,63315
914,contig_64013_1,62981,62981
328,contig_34714_1,62957,62957
1212,contig_4785_1,62925,62925
491,contig_24760_1,62779,62779
36,contig_47774_1,62648,62648
23,contig_11674_1,62513,62513
783,contig_1005_1,62444,62444
925,contig_68712_1,62363,62363
1069,contig_17095_1,62293,62293
1587,contig_47621_1,62259,62259
569,contig_41807_1,62197,62197
572,contig_12446_1,61999,61999
89,contig_7281_1,61910,61910
1332,contig_27067_1,61836,61836
560,contig_69577_1,61786,61786
483,contig_52098_1,61665,61665
1152,contig_36919_1,61644,61644
854,contig_38835_1,61621,61621
149,contig_38547_1,61299,61299
489,contig_55953_1,61284,61284
165,contig_65335_1,61106,61106
191,contig_8497_1,61045,61045
1043,contig_53509_1,61038,61038
785,contig_18670_1,61026,61026
204,contig_51203_1,60993,60993
780,contig_59394_1,60811,60811
1112,contig_49208_1,60548,60548
1487,contig_15996_1,60451,60451
872,contig_37648_1,60399,60399
1737,contig_38505_1,60180,60180
670,contig_42955_1,60170,60170
331,contig_62593_1,60083,60083
1735,contig_34569_1,60013,60013
980,contig_45847_1,59752,59752
555,contig_18821_1,59676,59676
977,contig_36864_1,59653,59653
1477,contig_66919_1,59652,59652
246,contig_57544_1,59650,59650
1067,contig_48985_1,59609,59609
931,contig_55717_1,59330,59330
137,contig_69768_1,59317,59317
1719,contig_69652_1,59183,59183
1448,contig_68741_1,59155,59155
1200,contig_49657_1,59120,59120
1171,contig_46179_1,59111,59111
71,contig_31441_1,59004,59004
717,contig_36432_1,58937,58937
19,contig_51398_1,58868,58868
1538,contig_41389_1,58748,58748
1160,contig_15571_1,58586,58586
479,contig_5682_1,58581,58581
1550,contig_72035_1,58549,58549
1634,contig_31074_1,58356,58356
359,contig_50076_1,58207,58207
1708,contig_30796_1,58202,58202
709,contig_33874_1,58159,58159
502,contig_7122_1,58117,58117
1479,contig_25951_1,58021,58021
1193,contig_19689_1,58014,58014
1425,contig_61444_1,57533,57533
1101,contig_39095_1,57428,57428
520,contig_21452_1,57070,57070
1175,contig_28213_1,56839,56839
98,contig_41779_1,56710,56710
242,contig_50432_1,56620,56620
1129,contig_47742_1,56602,56602
1014,contig_27942_1,56572,56572
541,contig_52411_1,56470,56470
395,contig_71563_1,56362,56362
536,contig_40070_1,56310,56310
1097,contig_42127_1,56072,56072
1342,contig_33508_1,55949,55949
420,contig_44426_1,55856,55856
1335,contig_13094_1,55824,55824
1009,contig_28679_1,55674,55674
837,contig_29181_1,55589,55589
1394,contig_45780_1,55547,55547
473,contig_2502_1,55528,55528
527,contig_32702_1,55471,55471
777,contig_64969_1,55422,55422
635,contig_41757_1,55112,55112
1095,contig_36692_1,55061,55061
99,contig_19502_1,54941,54941
856,contig_42060_1,54784,54784
660,contig_52229_1,54730,54730
62,contig_10797_1,54588,54588
288,contig_51982_1,54565,54565
488,contig_65881_1,54419,54419
892,contig_32993_1,54380,54380
143,contig_6425_1,54274,54274
168,contig_29096_1,54249,54249
1117,contig_54331_1,54236,54236
1350,contig_54348_1,54182,54182
1298,contig_54578_1,54063,54063
1734,contig_33590_1,54035,54035
1653,contig_42994_1,54025,54025
601,contig_46909_1,54009,54009
626,contig_12342_1,53901,53901
337,contig_40095_1,53803,53803
739,contig_34997_1,53575,53575
1376,contig_25047_1,53551,53551
1339,contig_10736_1,53503,53503
1032,contig_69734_1,53431,53431
1244,contig_46301_1,53418,53418
1717,contig_71997_1,53196,53196
1526,contig_36046_1,53160,53160
1354,contig_13128_1,53066,53066
611,contig_31851_1,52981,52981
842,contig_70305_1,52913,52913
405,contig_57543_1,52865,52865
1500,contig_70804_1,52856,52856
241,contig_37655_1,52716,52716
227,contig_45109_1,52639,52639
949,contig_20878_1,52613,52613
1172,contig_53713_1,52599,52599
433,contig_37414_1,52529,52529
1427,contig_44479_1,52514,52514
8,contig_71339_1,52462,52462
580,contig_30188_1,52299,52299
1317,contig_39494_1,52294,52294
1001,contig_41193_1,52007,52007
1138,contig_63270_1,51751,51751
590,contig_28875_1,51649,51649
1698,contig_38240_1,51370,51370
1124,contig_69763_1,51297,51297
1547,contig_60867_1,51291,51291
301,contig_52442_1,51133,51133
1748,contig_53586_1,51126,51126
669,contig_8289_1,51097,51097
1008,contig_70768_1,51082,51082
1330,contig_38571_1,50972,50972
302,contig_11819_1,50870,50870
1599,contig_36535_1,50780,50780
365,contig_55392_1,50699,50699
1137,contig_29826_1,50653,50653
960,contig_70847_1,50603,50603
499,contig_32332_1,50557,50557
562,contig_37737_1,50516,50516
1690,contig_69587_1,50458,50458
1327,contig_32733_1,50427,50427
1757,contig_42684_1,50413,50413
1199,contig_59550_1,50388,50388
339,contig_69565_1,50083,50083
1419,contig_65686_1,50038,50038
272,contig_4105_1,50015,50015
1556,contig_34242_1,49906,49906
1519,contig_67739_1,49861,49861
17,contig_15694_1,49847,49847
644,contig_30012_1,49836,49836
1659,contig_34251_1,49822,49822
1002,contig_32086_1,49816,49816
1406,contig_2869_1,49791,49791
1683,contig_41941_1,49729,49729
1384,contig_9788_1,49712,49712
1471,contig_23328_1,49685,49685
1313,contig_18021_1,49636,49636
1106,contig_69586_1,49607,49607
753,contig_58193_1,49586,49586
429,contig_71535_1,49536,49536
538,contig_57496_1,49535,49535
686,contig_58057_1,49476,49476
1468,contig_43907_1,49458,49458
958,contig_38757_1,49432,49432
1004,contig_45686_1,49419,49419
738,contig_52469_1,49295,49295
1190,contig_49959_1,49282,49282
1370,contig_2471_1,49156,49156
1068,contig_54488_1,49104,49104
1617,contig_31255_1,49087,49087
1625,contig_33203_1,48899,48899
278,contig_16865_1,48838,48838
999,contig_11654_1,48651,48651
1182,contig_3585_1,48492,48492
1741,contig_23864_1,48478,48478
147,contig_33200_1,48465,48465
913,contig_62745_1,48442,48442
1614,contig_64268_1,48435,48435
1421,contig_48087_1,48113,48113
1756,contig_35691_1,48102,48102
332,contig_44750_1,47957,47957
1703,contig_31106_1,47943,47943
1371,contig_69151_1,47933,47933
201,contig_5335_1,47829,47829
756,contig_29099_1,47700,47700
1467,contig_71028_1,47556,47556
1697,contig_2424_1,47451,47451
559,contig_16630_1,47448,47448
1269,contig_22396_1,47269,47269
94,contig_41547_1,47215,47215
745,contig_62090_1,47168,47168
803,contig_35055_1,47148,47148
1356,contig_47813_1,47077,47077
1552,contig_38753_1,47064,47064
728,contig_68364_1,47043,47043
674,contig_70744_1,46970,46970
1365,contig_51194_1,46887,46887
1611,contig_7756_1,46875,46875
866,contig_68899_1,46809,46809
492,contig_36530_1,46799,46799
907,contig_58674_1,46789,46789
761,contig_50780_1,46657,46657
598,contig_66285_1,46644,46644
957,contig_37243_1,46603,46603
858,contig_70191_1,46588,46588
349,contig_37624_1,46551,46551
448,contig_2167_1,46465,46465
1440,contig_62128_1,46267,46267
299,contig_68122_1,46115,46115
534,contig_7058_1,46105,46105
423,contig_67342_1,45974,45974
1276,contig_41797_1,45964,45964
1576,contig_25976_1,45937,45937
860,contig_22269_1,45745,45745
1450,contig_13171_1,45743,45743
1458,contig_32698_1,45735,45735
589,contig_41763_1,45729,45729
234,contig_69680_1,45709,45709
608,contig_56041_1,45674,45674
1108,contig_39365_1,45658,45658
614,contig_63593_1,45634,45634
324,contig_42557_1,45629,45629
870,contig_34438_1,45575,45575
1493,contig_64363_1,45521,45521
92,contig_70851_1,45422,45422
235,contig_69749_1,45277,45277
742,contig_12691_1,45243,45243
120,contig_70675_1,45219,45219
1180,contig_58270_1,45157,45157
582,contig_33648_1,45127,45127
1726,contig_71257_1,45122,45122
187,contig_41708_1,45107,45107
1626,contig_2478_1,45025,45025
401,contig_69771_1,44867,44867
1516,contig_48939_1,44808,44808
1474,contig_71850_1,44609,44609
1713,contig_30348_1,44506,44506
779,contig_23948_1,44433,44433
1481,contig_62135_1,44300,44300
74,contig_49289_1,44270,44270
1674,contig_57262_1,44248,44248
1309,contig_64164_1,44242,44242
106,contig_43943_1,44193,44193
22,contig_8118_1,43989,43989
588,contig_32425_1,43874,43874
1167,contig_35885_1,43626,43626
232,contig_57294_1,43620,43620
1315,contig_63688_1,43595,43595
922,contig_71744_1,43580,43580
1213,contig_14783_1,43578,43578
84,contig_65282_1,43517,43517
1071,contig_36228_1,43470,43470
763,contig_69543_1,43440,43440
1184,contig_43268_1,43432,43432
725,contig_46689_1,43323,43323
407,contig_52297_1,43271,43271
487,contig_14589_1,43233,43233
28,contig_33455_1,43116,43116
1326,contig_70008_1,43084,43084
111,contig_7343_1,43064,43064
509,contig_49172_1,42989,42989
21,contig_35632_1,42826,42826
1229,contig_34585_1,42766,42766
335,contig_34127_1,42613,42613
1721,contig_30594_1,42557,42557
573,contig_5966_1,42526,42526
1338,contig_49915_1,42485,42485
1323,contig_64750_1,42362,42362
1463,contig_45457_1,42328,42328
1377,contig_52086_1,42320,42320
1292,contig_57651_1,42306,42306
1511,contig_66664_1,42281,42281
1589,contig_20028_1,42228,42228
290,contig_42117_1,42142,42142
399,contig_34108_1,42071,42071
885,contig_47730_1,41989,41989
737,contig_20343_1,41855,41855
1203,contig_36759_1,41772,41772
9,contig_55154_1,41767,41767
720,contig_59615_1,41567,41567
291,contig_47904_1,41541,41541
1571,contig_61661_1,41514,41514
475,contig_51407_1,41463,41463
986,contig_56197_1,41327,41327
116,contig_37016_1,41204,41204
956,contig_36705_1,41191,41191
1449,contig_21986_1,41147,41147
124,contig_67614_1,41084,41084
450,contig_68196_1,40947,40947
558,contig_39395_1,40761,40761
1151,contig_42810_1,40729,40729
1555,contig_33204_1,40660,40660
638,contig_53425_1,40590,40590
752,contig_61236_1,40461,40461
1424,contig_51640_1,40456,40456
180,contig_48581_1,40450,40450
1613,contig_57570_1,40446,40446
861,contig_46291_1,40438,40438
679,contig_48894_1,40393,40393
1582,contig_43223_1,40330,40330
815,contig_39303_1,40287,40287
1186,contig_49229_1,40287,40287
478,contig_51450_1,40261,40261
1744,contig_34470_1,40253,40253
532,contig_45673_1,40201,40201
63,contig_20101_1,39981,39981
1321,contig_20926_1,39794,39794
894,contig_65450_1,39676,39676
1148,contig_42485_1,39620,39620
1622,contig_33032_1,39615,39615
1478,contig_25862_1,39613,39613
1731,contig_42910_1,39606,39606
1300,contig_27753_1,39600,39600
1581,contig_2871_1,39560,39560
244,contig_14588_1,39536,39536
947,contig_21744_1,39534,39534
435,contig_35972_1,39415,39415
79,contig_34581_1,39367,39367
703,contig_68499_1,39337,39337
1667,contig_17580_1,39283,39283
668,contig_23208_1,39269,39269
1375,contig_40398_1,39259,39259
1133,contig_41320_1,39167,39167
1265,contig_30921_1,39112,39112
1542,contig_62152_1,39075,39075
1256,contig_16652_1,38955,38955
782,contig_56782_1,38896,38896
1278,contig_68533_1,38881,38881
873,contig_9685_1,38760,38760
637,contig_21433_1,38760,38760
345,contig_57055_1,38750,38750
771,contig_64485_1,38695,38695
711,contig_18688_1,38695,38695
151,contig_68730_1,38482,38482
1580,contig_41064_1,38258,38258
1543,contig_69146_1,38218,38218
798,contig_51324_1,38140,38140
1131,contig_36280_1,38070,38070
1497,contig_66535_1,38060,38060
516,contig_53923_1,38026,38026
1110,contig_69395_1,38020,38020
1760,contig_64979_1,38015,38015
1062,contig_20392_1,37996,37996
49,contig_71747_1,37996,37996
307,contig_69365_1,37984,37984
58,contig_47895_1,37931,37931
1111,contig_28085_1,37917,37917
1496,contig_71460_1,37896,37896
948,contig_53132_1,37847,37847
592,contig_26997_1,37768,37768
1485,contig_30235_1,37670,37670
1174,contig_32641_1,37656,37656
380,contig_43089_1,37546,37546
136,contig_53031_1,37449,37449
1010,contig_28534_1,37446,37446
1211,contig_9458_1,37415,37415
577,contig_38098_1,37383,37383
59,contig_69420_1,37349,37349
905,contig_33893_1,37332,37332
1218,contig_60060_1,37327,37327
1310,contig_38675_1,37265,37265
1302,contig_30250_1,37210,37210
1584,contig_71166_1,37206,37206
1715,contig_46171_1,37161,37161
1027,contig_58767_1,37158,37158
1658,contig_19661_1,37142,37142
547,contig_45499_1,37109,37109
1642,contig_19021_1,37074,37074
421,contig_48285_1,37034,37034
164,contig_46293_1,36956,36956
372,contig_36033_1,36909,36909
43,contig_41260_1,36772,36772
1701,contig_5366_1,36654,36654
1037,contig_36971_1,36649,36649
1750,contig_44709_1,36634,36634
1559,contig_58911_1,36601,36601
1258,contig_19570_1,36498,36498
1268,contig_67350_1,36394,36394
103,contig_40445_1,36291,36291
746,contig_71112_1,36113,36113
26,contig_50075_1,36091,36091
755,contig_50925_1,35873,35873
758,contig_39634_1,35841,35841
1118,contig_14029_1,35823,35823
130,contig_36250_1,35809,35809
799,contig_62271_1,35729,35729
1395,contig_70142_1,35706,35706
271,contig_5156_1,35676,35676
52,contig_70782_1,35576,35576
176,contig_19101_1,35563,35563
243,contig_34952_1,35417,35417
682,contig_12305_1,35414,35414
276,contig_61639_1,35407,35407
18,contig_43875_1,35365,35365
1045,contig_31598_1,35330,35330
1459,contig_31004_1,35289,35289
787,contig_54914_1,35276,35276
1029,contig_56529_1,35222,35222
1149,contig_22101_1,35125,35125
1689,contig_69975_1,35064,35064
551,contig_46713_1,35058,35058
863,contig_25643_1,35041,35041
1593,contig_19696_1,35028,35028
1345,contig_13283_1,34993,34993
305,contig_52392_1,34915,34915
1486,contig_42140_1,34861,34861
297,contig_19774_1,34860,34860
578,contig_66600_1,34854,34854
199,contig_38638_1,34846,34846
432,contig_54034_1,34834,34834
16,contig_37038_1,34823,34823
326,contig_46883_1,34812,34812
963,contig_37133_1,34742,34742
154,contig_34725_1,34626,34626
42,contig_46514_1,34569,34569
1706,contig_57809_1,34566,34566
575,contig_48000_1,34370,34370
1275,contig_41402_1,34318,34318
126,contig_47889_1,34246,34246
1164,contig_36740_1,34234,34234
515,contig_62169_1,34229,34229
622,contig_36068_1,34226,34226
160,contig_54168_1,34161,34161
731,contig_65713_1,34156,34156
530,contig_69877_1,34113,34113
835,contig_19480_1,34068,34068
718,contig_64722_1,33929,33929
774,contig_65591_1,33920,33920
1051,contig_46930_1,33868,33868
1122,contig_68275_1,33813,33813
1242,contig_70720_1,33804,33804
697,contig_68402_1,33761,33761
561,contig_54194_1,33725,33725
1116,contig_57597_1,33710,33710
266,contig_37763_1,33621,33621
908,contig_44512_1,33616,33616
1087,contig_52722_1,33563,33563
283,contig_62509_1,33556,33556
1537,contig_6407_1,33533,33533
225,contig_62647_1,33509,33509
576,contig_40668_1,33455,33455
809,contig_66081_1,33445,33445
229,contig_67254_1,33321,33321
826,contig_61635_1,33289,33289
1156,contig_8748_1,33277,33277
387,contig_32026_1,33121,33121
132,contig_44314_1,32974,32974
1012,contig_42529_1,32963,32963
570,contig_40972_1,32942,32942
721,contig_45119_1,32797,32797
1638,contig_50212_1,32774,32774
781,contig_33620_1,32695,32695
181,contig_45190_1,32692,32692
1220,contig_16117_1,32683,32683
1109,contig_67055_1,32607,32607
470,contig_26514_1,32606,32606
641,contig_30199_1,32465,32465
1535,contig_43624_1,32423,32423
786,contig_64972_1,32389,32389
1399,contig_39981_1,32338,32338
373,contig_46322_1,32327,32327
498,contig_67568_1,32296,32296
265,contig_28680_1,32291,32291
107,contig_52358_1,32266,32266
1316,contig_23293_1,32187,32187
713,contig_57007_1,32140,32140
664,contig_67448_1,32132,32132
72,contig_2004_1,32067,32067
514,contig_67670_1,32044,32044
732,contig_24315_1,32019,32019
1041,contig_59506_1,32009,32009
1688,contig_46325_1,32006,32006
1546,contig_10843_1,31953,31953
997,contig_59241_1,31894,31894
1088,contig_33784_1,31805,31805
1403,contig_37777_1,31781,31781
766,contig_17761_1,31771,31771
822,contig_17784_1,31736,31736
409,contig_65912_1,31694,31694
1716,contig_61887_1,31671,31671
396,contig_25114_1,31663,31663
1382,contig_12818_1,31655,31655
609,contig_49209_1,31571,31571
1666,contig_43200_1,31467,31467
1040,contig_6993_1,31459,31459
166,contig_19595_1,31423,31423
1170,contig_30515_1,31419,31419
260,contig_58541_1,31316,31316
1205,contig_39139_1,31293,31293
696,contig_29825_1,31208,31208
563,contig_48118_1,31167,31167
1121,contig_34787_1,31131,31131
792,contig_37644_1,31070,31070
1114,contig_31_1,31040,31040
1026,contig_46477_1,30975,30975
710,contig_21634_1,30927,30927
73,contig_46330_1,30898,30898
281,contig_2548_1,30776,30776
824,contig_61288_1,30731,30731
1329,contig_31056_1,30722,30722
1005,contig_61314_1,30682,30682
896,contig_67551_1,30656,30656
1730,contig_50378_1,30629,30629
1158,contig_70712_1,30599,30599
24,contig_58742_1,30556,30556
1505,contig_69781_1,30542,30542
1306,contig_51181_1,30497,30497
751,contig_41824_1,30446,30446
251,contig_46918_1,30435,30435
961,contig_62399_1,30385,30385
198,contig_30187_1,30370,30370
426,contig_63495_1,30325,30325
86,contig_35044_1,30232,30232
736,contig_66608_1,30199,30199
1679,contig_43347_1,30192,30192
1472,contig_22626_1,30161,30161
810,contig_61250_1,30151,30151
194,contig_56364_1,30097,30097
919,contig_52617_1,29942,29942
1432,contig_60862_1,29909,29909
1650,contig_50155_1,29886,29886
1262,contig_60489_1,29807,29807
439,contig_13455_1,29720,29720
438,contig_4294_1,29689,29689
1405,contig_62197_1,29675,29675
155,contig_68569_1,29637,29637
730,contig_22016_1,29603,29603
1536,contig_58011_1,29602,29602
1517,contig_44362_1,29569,29569
1668,contig_59314_1,29561,29561
951,contig_50795_1,29458,29458
351,contig_37540_1,29442,29442
574,contig_34549_1,29431,29431
287,contig_13139_1,29422,29422
836,contig_30069_1,29318,29318
634,contig_64374_1,29289,29289
370,contig_70185_1,29214,29214
333,contig_47125_1,29187,29187
394,contig_44483_1,29162,29162
898,contig_35314_1,29027,29027
1287,contig_71890_1,29008,29008
653,contig_41920_1,28981,28981
1056,contig_69336_1,28976,28976
649,contig_62256_1,28947,28947
741,contig_30451_1,28935,28935
525,contig_11279_1,28907,28907
1612,contig_33343_1,28880,28880
584,contig_69834_1,28870,28870
968,contig_56170_1,28810,28810
691,contig_46425_1,28791,28791
911,contig_26129_1,28766,28766
661,contig_38390_1,28722,28722
1360,contig_27103_1,28718,28718
1702,contig_53593_1,28668,28668
681,contig_46435_1,28636,28636
1191,contig_44829_1,28577,28577
734,contig_70035_1,28479,28479
322,contig_30179_1,28426,28426
1052,contig_40904_1,28371,28371
1629,contig_51679_1,28370,28370
463,contig_3182_1,28367,28367
1687,contig_56811_1,28343,28343
108,contig_71364_1,28256,28256
869,contig_56750_1,28234,28234
970,contig_63767_1,28215,28215
402,contig_64405_1,28189,28189
494,contig_70416_1,28187,28187
350,contig_46292_1,28156,28156
583,contig_69979_1,28141,28141
1732,contig_12152_1,28065,28065
1094,contig_54395_1,27973,27973
1710,contig_29603_1,27929,27929
1270,contig_49233_1,27904,27904
1520,contig_31836_1,27901,27901
1044,contig_58943_1,27850,27850
1123,contig_50969_1,27808,27808
1609,contig_19997_1,27803,27803
453,contig_50386_1,27742,27742
1718,contig_41651_1,27705,27705
1187,contig_32418_1,27701,27701
702,contig_61873_1,27632,27632
1736,contig_62523_1,27630,27630
1415,contig_42107_1,27594,27594
222,contig_9747_1,27586,27586
1361,contig_35421_1,27570,27570
1753,contig_41302_1,27534,27534
875,contig_27384_1,27482,27482
32,contig_22264_1,27450,27450
991,contig_70989_1,27442,27442
440,contig_54461_1,27416,27416
1649,contig_52974_1,27386,27386
812,contig_34399_1,27377,27377
1147,contig_49539_1,27362,27362
358,contig_6428_1,27358,27358
692,contig_34250_1,27353,27353
1628,contig_64436_1,27333,27333
1241,contig_34405_1,27237,27237
1400,contig_29990_1,27222,27222
1177,contig_56367_1,27163,27163
38,contig_34018_1,27100,27100
943,contig_32275_1,27098,27098
1230,contig_60439_1,27029,27029
340,contig_64097_1,27019,27019
1621,contig_56047_1,27017,27017
605,contig_42197_1,26975,26975
444,contig_70200_1,26943,26943
1393,contig_46474_1,26767,26767
1288,contig_44361_1,26722,26722
323,contig_60043_1,26682,26682
566,contig_70286_1,26669,26669
75,contig_67802_1,26625,26625
524,contig_47488_1,26597,26597
926,contig_66906_1,26583,26583
759,contig_61112_1,26548,26548
744,contig_62157_1,26499,26499
1602,contig_54200_1,26498,26498
167,contig_20895_1,26389,26389
449,contig_14028_1,26384,26384
1388,contig_23682_1,26317,26317
1438,contig_44111_1,26309,26309
976,contig_64038_1,26268,26268
1176,contig_33918_1,26225,26225
123,contig_56941_1,26198,26198
1489,contig_3964_1,26179,26179
981,contig_56018_1,26167,26167
1452,contig_35040_1,26148,26148
1643,contig_46706_1,26141,26141
1018,contig_32435_1,26076,26076
455,contig_67994_1,26063,26063
1598,contig_71975_1,26010,26010
197,contig_66304_1,25967,25967
1484,contig_16060_1,25946,25946
740,contig_61124_1,25927,25927
300,contig_63549_1,25899,25899
1079,contig_62558_1,25871,25871
385,contig_57825_1,25841,25841
484,contig_56134_1,25789,25789
916,contig_47593_1,25777,25777
104,contig_35370_1,25742,25742
950,contig_61536_1,25714,25714
1527,contig_41172_1,25709,25709
830,contig_63809_1,25546,25546
467,contig_49839_1,25419,25419
247,contig_50730_1,25383,25383
1704,contig_52738_1,25373,25373
218,contig_37446_1,25364,25364
1387,contig_32822_1,25359,25359
1566,contig_49026_1,25358,25358
932,contig_66860_1,25303,25303
102,contig_61150_1,25283,25283
1181,contig_28113_1,25228,25228
1255,contig_68685_1,25203,25203
1128,contig_45064_1,25107,25107
791,contig_69448_1,25099,25099
1416,contig_45709_1,24992,24992
1498,contig_31743_1,24988,24988
81,contig_69564_1,24988,24988
410,contig_56946_1,24957,24957
179,contig_68165_1,24950,24950
1483,contig_64985_1,24946,24946
523,contig_56783_1,24946,24946
452,contig_32819_1,24945,24945
658,contig_61641_1,24940,24940
53,contig_46471_1,24858,24858
279,contig_64209_1,24785,24785
471,contig_41499_1,24722,24722
1031,contig_68920_1,24605,24605
493,contig_38441_1,24565,24565
646,contig_45423_1,24540,24540
1078,contig_14713_1,24533,24533
66,contig_30070_1,24491,24491
259,contig_35473_1,24459,24459
594,contig_18186_1,24417,24417
1038,contig_21632_1,24416,24416
1575,contig_38669_1,24341,24341
554,contig_19673_1,24307,24307
83,contig_53115_1,24269,24269
146,contig_37760_1,24250,24250
687,contig_14668_1,24248,24248
1488,contig_55155_1,24239,24239
93,contig_67839_1,24211,24211
341,contig_36_1,24151,24151
1473,contig_62048_1,24073,24073
1553,contig_57184_1,24065,24065
1359,contig_47421_1,24063,24063
1119,contig_47979_1,24063,24063
1024,contig_8857_1,24056,24056
82,contig_64466_1,24014,24014
586,contig_50874_1,23994,23994
628,contig_57987_1,23978,23978
1373,contig_10172_1,23955,23955
51,contig_59251_1,23941,23941
310,contig_31474_1,23940,23940
593,contig_50670_1,23856,23856
880,contig_51138_1,23830,23830
607,contig_46173_1,23774,23774
145,contig_46797_1,23689,23689
109,contig_61719_1,23670,23670
456,contig_42919_1,23643,23643
318,contig_62442_1,23625,23625
1161,contig_71748_1,23597,23597
303,contig_42046_1,23515,23515
1631,contig_71986_1,23478,23478
1277,contig_29256_1,23468,23468
76,contig_52030_1,23439,23439
643,contig_59240_1,23431,23431
1532,contig_34130_1,23414,23414
258,contig_51207_1,23399,23399
940,contig_29983_1,23387,23387
240,contig_30539_1,23324,23324
651,contig_62955_1,23319,23319
743,contig_29259_1,23215,23215
495,contig_14781_1,23189,23189
336,contig_57830_1,23185,23185
1146,contig_64411_1,23162,23162
636,contig_64540_1,23162,23162
269,contig_36856_1,23144,23144
695,contig_34932_1,23110,23110
230,contig_64610_1,23100,23100
1082,contig_51085_1,23094,23094
1462,contig_64588_1,23085,23085
841,contig_66594_1,23065,23065
675,contig_61736_1,23013,23013
1279,contig_13470_1,23007,23007
942,contig_37100_1,23001,23001
1615,contig_68171_1,22988,22988
1711,contig_54931_1,22906,22906
935,contig_3452_1,22881,22881
1260,contig_23779_1,22860,22860
1103,contig_69236_1,22854,22854
750,contig_35164_1,22839,22839
620,contig_13491_1,22790,22790
1072,contig_7700_1,22756,22756
1157,contig_71129_1,22755,22755
513,contig_56728_1,22747,22747
261,contig_71446_1,22720,22720
413,contig_36547_1,22682,22682
518,contig_59452_1,22672,22672
827,contig_66938_1,22641,22641
138,contig_62787_1,22595,22595
1224,contig_64772_1,22580,22580
1325,contig_46643_1,22570,22570
952,contig_24922_1,22558,22558
68,contig_38261_1,22448,22448
1358,contig_30356_1,22444,22444
1607,contig_67873_1,22420,22420
321,contig_2663_1,22414,22414
200,contig_63093_1,22386,22386
1457,contig_64251_1,22370,22370
1429,contig_60962_1,22364,22364
50,contig_33705_1,22325,22325
852,contig_6994_1,22316,22316
995,contig_49963_1,22284,22284
1308,contig_56905_1,22249,22249
693,contig_47840_1,22241,22241
27,contig_45392_1,22201,22201
701,contig_43818_1,22181,22181
264,contig_35166_1,22169,22169
888,contig_51252_1,22116,22116
1524,contig_9202_1,22091,22091
946,contig_51316_1,22056,22056
390,contig_49018_1,22006,22006
1616,contig_36385_1,21967,21967
80,contig_33749_1,21900,21900
29,contig_65692_1,21858,21858
425,contig_39340_1,21824,21824
1237,contig_1977_1,21820,21820
1663,contig_59301_1,21815,21815
460,contig_70220_1,21808,21808
706,contig_25235_1,21788,21788
1681,contig_43305_1,21764,21764
275,contig_42665_1,21758,21758
989,contig_35093_1,21659,21659
1665,contig_64242_1,21658,21658
1322,contig_53383_1,21639,21639
1188,contig_60547_1,21638,21638
1070,contig_53471_1,21620,21620
1150,contig_30305_1,21611,21611
1060,contig_35493_1,21559,21559
170,contig_15909_1,21534,21534
1025,contig_64005_1,21520,21520
565,contig_60464_1,21517,21517
1374,contig_36367_1,21477,21477
1655,contig_67103_1,21468,21468
1670,contig_20695_1,21442,21442
1442,contig_36583_1,21441,21441
884,contig_35469_1,21436,21436
1073,contig_68552_1,21423,21423
427,contig_69578_1,21358,21358
599,contig_9087_1,21353,21353
1348,contig_71488_1,21311,21311
1610,contig_39984_1,21272,21272
727,contig_56333_1,21217,21217
122,contig_53134_1,21149,21149
857,contig_51678_1,21143,21143
967,contig_2491_1,21134,21134
174,contig_25348_1,21095,21095
1742,contig_29014_1,21090,21090
1754,contig_66036_1,21057,21057
724,contig_65206_1,21033,21033
1080,contig_37_1,20929,20929
284,contig_64870_1,20927,20927
1418,contig_6767_1,20918,20918
1646,contig_45131_1,20904,20904
735,contig_51095_1,20889,20889
1105,contig_51322_1,20885,20885
708,contig_41709_1,20865,20865
1762,contig_57556_1,20859,20859
64,contig_63967_1,20851,20851
85,contig_53117_1,20805,20805
1521,contig_66357_1,20705,20705
1098,contig_34694_1,20701,20701
1695,contig_49987_1,20698,20698
1049,contig_58916_1,20678,20678
1746,contig_68918_1,20668,20668
1353,contig_23745_1,20651,20651
1480,contig_31469_1,20636,20636
35,contig_17993_1,20605,20605
353,contig_32604_1,20592,20592
1453,contig_70091_1,20528,20528
1314,contig_25025_1,20460,20460
1464,contig_65850_1,20443,20443
585,contig_33615_1,20442,20442
748,contig_50193_1,20427,20427
954,contig_22832_1,20424,20424
327,contig_35884_1,20423,20423
1420,contig_31659_1,20415,20415
422,contig_54356_1,20364,20364
839,contig_34243_1,20296,20296
533,contig_39462_1,20223,20223
793,contig_38869_1,20202,20202
1501,contig_7662_1,20201,20201
263,contig_42535_1,20179,20179
846,contig_63203_1,20158,20158
1168,contig_64246_1,20156,20156
1280,contig_28052_1,20145,20145
627,contig_45781_1,20106,20106
10,contig_37807_1,20073,20073
1568,contig_64420_1,20066,20066
1588,contig_39102_1,20049,20049
115,contig_48605_1,20036,20036
215,contig_51083_1,20014,20014
1100,contig_11891_1,20008,20008
434,contig_57622_1,19973,19973
672,contig_14352_1,19963,19963
1591,contig_51689_1,19952,19952
469,contig_51767_1,19924,19924
1020,contig_41780_1,19911,19911
88,contig_39865_1,19909,19909
723,contig_51518_1,19889,19889
1197,contig_57921_1,19883,19883
277,contig_60730_1,19823,19823
329,contig_35813_1,19811,19811
1290,contig_37070_1,19795,19795
306,contig_70313_1,19790,19790
404,contig_43185_1,19789,19789
969,contig_54602_1,19717,19717
253,contig_64002_1,19660,19660
719,contig_45698_1,19647,19647
887,contig_49175_1,19628,19628
127,contig_49239_1,19616,19616
511,contig_63557_1,19545,19545
1201,contig_62376_1,19530,19530
163,contig_21720_1,19524,19524
897,contig_33766_1,19516,19516
945,contig_71429_1,19515,19515
1221,contig_64703_1,19513,19513
1284,contig_10201_1,19501,19501
982,contig_39421_1,19480,19480
531,contig_39776_1,19457,19457
367,contig_66151_1,19455,19455
1662,contig_41043_1,19421,19421
642,contig_17685_1,19414,19414
1729,contig_31643_1,19411,19411
458,contig_35534_1,19406,19406
994,contig_64510_1,19389,19389
1534,contig_8153_1,19379,19379
314,contig_64085_1,19334,19334
1347,contig_48720_1,19325,19325
70,contig_49196_1,19304,19304
1656,contig_68573_1,19295,19295
1139,contig_39096_1,19286,19286
1179,contig_28394_1,19250,19250
645,contig_65961_1,19226,19226
1727,contig_68847_1,19224,19224
237,contig_24959_1,19214,19214
579,contig_68177_1,19153,19153
1564,contig_3135_1,19145,19145
848,contig_63777_1,19138,19138
503,contig_31778_1,19097,19097
220,contig_13038_1,19063,19063
716,contig_19374_1,19016,19016
817,contig_28330_1,19007,19007
934,contig_61082_1,18951,18951
654,contig_58559_1,18947,18947
135,contig_32044_1,18940,18940
1085,contig_37525_1,18910,18910
1159,contig_50219_1,18899,18899
1490,contig_67692_1,18880,18880
313,contig_48591_1,18873,18873
602,contig_5221_1,18861,18861
1304,contig_55610_1,18856,18856
965,contig_48959_1,18838,18838
1692,contig_71825_1,18826,18826
500,contig_64939_1,18813,18813
1192,contig_63605_1,18792,18792
1434,contig_61910_1,18781,18781
1267,contig_34936_1,18776,18776
1664,contig_59756_1,18765,18765
699,contig_43162_1,18748,18748
983,contig_67361_1,18746,18746
47,contig_61479_1,18736,18736
374,contig_64904_1,18660,18660
874,contig_66015_1,18655,18655
1560,contig_68938_1,18647,18647
1209,contig_61828_1,18638,18638
1738,contig_38758_1,18590,18590
831,contig_66991_1,18567,18567
1751,contig_67447_1,18559,18559
128,contig_55784_1,18539,18539
1720,contig_65557_1,18524,18524
442,contig_69657_1,18518,18518
535,contig_42395_1,18514,18514
309,contig_69922_1,18500,18500
587,contig_32803_1,18450,18450
1509,contig_60690_1,18434,18434
497,contig_62562_1,18415,18415
360,contig_66079_1,18396,18396
1294,contig_47530_1,18374,18374
117,contig_44698_1,18368,18368
1761,contig_35171_1,18366,18366
77,contig_60784_1,18316,18316
1435,contig_40632_1,18308,18308
1030,contig_51441_1,18304,18304
1231,contig_13954_1,18302,18302
1641,contig_62315_1,18291,18291
447,contig_48827_1,18275,18275
1410,contig_27969_1,18264,18264
778,contig_5839_1,18256,18256
430,contig_30814_1,18243,18243
286,contig_56164_1,18208,18208
805,contig_65372_1,18183,18183
1454,contig_37537_1,18181,18181
465,contig_58922_1,18172,18172
865,contig_20035_1,18154,18154
1391,contig_55750_1,18144,18144
1447,contig_63561_1,18142,18142
344,contig_49117_1,18139,18139
1652,contig_36260_1,18117,18117
666,contig_61273_1,18116,18116
1541,contig_9842_1,18110,18110
564,contig_46648_1,18108,18108
1337,contig_36916_1,18097,18097
274,contig_52088_1,18091,18091
1091,contig_48342_1,18073,18073
1084,contig_39925_1,18035,18035
944,contig_43170_1,18008,18008
65,contig_42682_1,18002,18002
1592,contig_16113_1,17990,17990
973,contig_68913_1,17973,17973
889,contig_59860_1,17972,17972
1603,contig_59776_1,17972,17972
1441,contig_50748_1,17972,17972
1563,contig_61548_1,17928,17928
462,contig_48507_1,17882,17882
1341,contig_29634_1,17879,17879
1252,contig_27240_1,17856,17856
1389,contig_51825_1,17822,17822
1239,contig_71858_1,17808,17808
966,contig_65711_1,17806,17806
615,contig_53129_1,17801,17801
416,contig_30896_1,17800,17800
924,contig_41862_1,17796,17796
1426,contig_47444_1,17789,17789
928,contig_62397_1,17789,17789
189,contig_8406_1,17777,17777
129,contig_48466_1,17757,17757
1465,contig_66592_1,17754,17754
1144,contig_53538_1,17732,17732
212,contig_68328_1,17724,17724
1392,contig_69583_1,17668,17668
1207,contig_12740_1,17667,17667
1334,contig_66683_1,17620,17620
441,contig_47561_1,17615,17615
918,contig_12179_1,17612,17612
1669,contig_52684_1,17607,17607
1227,contig_65177_1,17603,17603
292,contig_9556_1,17589,17589
633,contig_46414_1,17549,17549
348,contig_61384_1,17534,17534
1351,contig_8927_1,17508,17508
930,contig_65844_1,17496,17496
618,contig_19828_1,17488,17488
510,contig_14523_1,17483,17483
811,contig_51781_1,17469,17469
1456,contig_46675_1,17458,17458
1028,contig_37776_1,17439,17439
1344,contig_49288_1,17399,17399
1709,contig_15006_1,17397,17397
1565,contig_66165_1,17391,17391
571,contig_66153_1,17368,17368
1173,contig_33011_1,17366,17366
1281,contig_14782_1,17337,17337
1508,contig_59624_1,17326,17326
97,contig_61311_1,17312,17312
632,contig_47547_1,17308,17308
1019,contig_1483_1,17306,17306
1725,contig_43820_1,17266,17266
1572,contig_57642_1,17254,17254
294,contig_51656_1,17241,17241
195,contig_60991_1,17240,17240
1223,contig_62733_1,17233,17233
528,contig_47009_1,17224,17224
39,contig_68848_1,17208,17208
162,contig_41357_1,17163,17163
1433,contig_52898_1,17158,17158
112,contig_41874_1,17134,17134
1246,contig_28410_1,17130,17130
1311,contig_51928_1,17096,17096
1633,contig_54128_1,17094,17094
1369,contig_68321_1,17090,17090
1639,contig_38952_1,17051,17051
78,contig_51626_1,17042,17042
231,contig_37694_1,17019,17019
1074,contig_53660_1,16969,16969
1107,contig_51673_1,16930,16930
1759,contig_29271_1,16928,16928
789,contig_17182_1,16893,16893
1583,contig_70918_1,16890,16890
1724,contig_35308_1,16860,16860
1115,contig_18228_1,16853,16853
208,contig_56904_1,16839,16839
604,contig_42700_1,16836,16836
376,contig_63232_1,16835,16835
1217,contig_51086_1,16819,16819
118,contig_71731_1,16812,16812
411,contig_3914_1,16788,16788
694,contig_68665_1,16747,16747
40,contig_67455_1,16728,16728
1249,contig_67657_1,16712,16712
1499,contig_39267_1,16684,16684
1503,contig_52244_1,16623,16623
1699,contig_38615_1,16613,16613
1722,contig_47779_1,16613,16613
342,contig_46922_1,16601,16601
476,contig_37718_1,16580,16580
556,contig_43322_1,16548,16548
1522,contig_71924_1,16528,16528
477,contig_3492_1,16519,16519
832,contig_25845_1,16504,16504
1154,contig_61188_1,16504,16504
844,contig_56897_1,16501,16501
904,contig_71207_1,16501,16501
553,contig_18799_1,16483,16483
1165,contig_46694_1,16478,16478
1202,contig_52355_1,16458,16458
431,contig_24868_1,16438,16438
95,contig_31555_1,16435,16435
1554,contig_49075_1,16422,16422
172,contig_49660_1,16421,16421
606,contig_44420_1,16390,16390
1624,contig_29777_1,16357,16357
1414,contig_48652_1,16342,16342
1077,contig_56895_1,16331,16331
1595,contig_54571_1,16331,16331
312,contig_51365_1,16322,16322
823,contig_33774_1,16321,16321
268,contig_56185_1,16284,16284
964,contig_50081_1,16259,16259
334,contig_47264_1,16235,16235
418,contig_68105_1,16208,16208
581,contig_30877_1,16191,16191
311,contig_26566_1,16188,16188
1606,contig_49799_1,16181,16181
849,contig_34589_1,16178,16178
1126,contig_54303_1,16175,16175
953,contig_20275_1,16171,16171
1163,contig_23284_1,16152,16152
205,contig_43115_1,16126,16126
677,contig_69079_1,16125,16125
1086,contig_55287_1,16119,16119
381,contig_36323_1,16119,16119
255,contig_48150_1,16101,16101
1586,contig_21455_1,16065,16065
705,contig_33084_1,16054,16054
1604,contig_49552_1,16040,16040
1752,contig_37033_1,16038,16038
206,contig_68895_1,16036,16036
567,contig_51315_1,16012,16012
1303,contig_60974_1,16007,16007
1215,contig_58466_1,15983,15983
1063,contig_4766_1,15973,15973
912,contig_39257_1,15963,15963
1430,contig_49060_1,15930,15930
1206,contig_65154_1,15925,15925
459,contig_56671_1,15924,15924
1579,contig_50676_1,15878,15878
202,contig_70005_1,15875,15875
1390,contig_56242_1,15849,15849
1594,contig_52964_1,15825,15825
96,contig_49493_1,15821,15821
210,contig_54903_1,15797,15797
689,contig_71833_1,15793,15793
245,contig_71391_1,15787,15787
1712,contig_34928_1,15780,15780
1343,contig_47971_1,15768,15768
1619,contig_59566_1,15761,15761
1755,contig_29583_1,15746,15746
250,contig_68133_1,15733,15733
1551,contig_45440_1,15716,15716
142,contig_65257_1,15686,15686
1685,contig_32598_1,15672,15672
891,contig_46062_1,15653,15653
655,contig_55201_1,15649,15649
15,contig_48697_1,15617,15617
1232,contig_41988_1,15608,15608
383,contig_50517_1,15601,15601
249,contig_31585_1,15594,15594
1502,contig_3524_1,15576,15576
1076,contig_50896_1,15543,15543
1510,contig_26642_1,15539,15539
974,contig_33454_1,15535,15535
1061,contig_59985_1,15506,15506
1525,contig_9730_1,15501,15501
144,contig_63994_1,15473,15473
1512,contig_52063_1,15442,15442
1296,contig_63911_1,15428,15428
688,contig_57013_1,15413,15413
529,contig_48574_1,15397,15397
859,contig_48395_1,15339,15339
1250,contig_60465_1,15335,15335
657,contig_52180_1,15314,15314
1352,contig_49230_1,15295,15295
678,contig_63503_1,15241,15241
315,contig_60347_1,15193,15193
540,contig_34820_1,15146,15146
900,contig_55703_1,15143,15143
11,contig_62153_1,15109,15109
177,contig_69085_1,15106,15106
1636,contig_67641_1,15091,15091
1577,contig_69352_1,15084,15084
1482,contig_60508_1,15070,15070
1605,contig_50648_1,15045,15045
726,contig_16321_1,15043,15043
1620,contig_64694_1,15040,15040
537,contig_43009_1,15019,15019
1749,contig_64121_1,15011,15011
992,contig_60222_1,15004,15004
828,contig_34375_1,14996,14996
754,contig_43076_1,14995,14995
280,contig_38314_1,14987,14987
1293,contig_52845_1,14981,14981
1362,contig_23446_1,14976,14976
1066,contig_22733_1,14975,14975
955,contig_33743_1,14945,14945
1046,contig_44063_1,14907,14907
1318,contig_24662_1,14888,14888
1282,contig_47123_1,14852,14852
984,contig_64281_1,14848,14848
1273,contig_48967_1,14844,14844
1680,contig_59229_1,14833,14833
67,contig_39352_1,14821,14821
1623,contig_58221_1,14814,14814
920,contig_40758_1,14809,14809
808,contig_63439_1,14808,14808
819,contig_70147_1,14782,14782
877,contig_70584_1,14774,14774
845,contig_45995_1,14773,14773
368,contig_68973_1,14769,14769
1728,contig_23597_1,14760,14760
54,contig_64120_1,14734,14734
818,contig_19068_1,14722,14722
451,contig_53313_1,14714,14714
549,contig_32419_1,14711,14711
557,contig_14761_1,14697,14697
1381,contig_70718_1,14692,14692
988,contig_19758_1,14685,14685
1758,contig_36810_1,14668,14668
33,contig_51465_1,14632,14632
921,contig_61821_1,14576,14576
612,contig_62317_1,14538,14538
1283,contig_47735_1,14522,14522
1635,contig_49171_1,14489,14489
238,contig_24279_1,14434,14434
1404,contig_39324_1,14403,14403
993,contig_39021_1,14399,14399
656,contig_63876_1,14367,14367
882,contig_16365_1,14351,14351
879,contig_52039_1,14333,14333
539,contig_58502_1,14316,14316
1364,contig_52038_1,14315,14315
156,contig_52192_1,14313,14313
437,contig_68283_1,14305,14305
1423,contig_17952_1,14281,14281
847,contig_39564_1,14235,14235
1627,contig_21713_1,14233,14233
490,contig_27595_1,14188,14188
185,contig_29468_1,14174,14174
1016,contig_35471_1,14167,14167
1297,contig_52225_1,14166,14166
1104,contig_60659_1,14155,14155
762,contig_49121_1,14025,14025
1567,contig_66569_1,14022,14022
1286,contig_50947_1,14005,14005
1402,contig_15643_1,13952,13952
1263,contig_69090_1,13923,13923
629,contig_25916_1,13917,13917
833,contig_17017_1,13884,13884
113,contig_55817_1,13881,13881
768,contig_66049_1,13880,13880
707,contig_43996_1,13863,13863
125,contig_51672_1,13855,13855
923,contig_54755_1,13853,13853
1600,contig_33835_1,13831,13831
1507,contig_62319_1,13803,13803
665,contig_22410_1,13799,13799
652,contig_46733_1,13797,13797
501,contig_43951_1,13790,13790
308,contig_42916_1,13777,13777
1676,contig_9626_1,13774,13774
550,contig_55521_1,13740,13740
236,contig_54678_1,13700,13700
31,contig_10345_1,13684,13684
517,contig_52263_1,13676,13676
1513,contig_66470_1,13647,13647
624,contig_66803_1,13546,13546
1747,contig_56747_1,13531,13531
630,contig_37048_1,13464,13464
482,contig_18664_1,13446,13446
1233,contig_21509_1,13434,13434
119,contig_3501_1,13415,13415
270,contig_36974_1,13337,13337
1691,contig_52321_1,13308,13308
1272,contig_62519_1,13278,13278
1569,contig_61008_1,13244,13244
412,contig_62898_1,13244,13244
1745,contig_43208_1,13233,13233
1470,contig_24211_1,13209,13209
937,contig_59125_1,13167,13167
813,contig_48036_1,13150,13150
157,contig_61674_1,13144,13144
522,contig_39348_1,13137,13137
1528,contig_6679_1,13128,13128
217,contig_47017_1,13125,13125
788,contig_71994_1,13095,13095
1299,contig_50170_1,13084,13084
862,contig_63003_1,13068,13068
1531,contig_19146_1,13048,13048
1022,contig_42927_1,13045,13045
7,contig_50890_1,13044,13044
883,contig_38313_1,12978,12978
169,contig_56192_1,12968,12968
1677,contig_5704_1,12923,12923
1739,contig_58833_1,12892,12892
1428,contig_44931_1,12890,12890
1630,contig_47532_1,12888,12888
962,contig_51885_1,12888,12888
1036,contig_58433_1,12883,12883
623,contig_8773_1,12868,12868
1417,contig_69537_1,12847,12847
1312,contig_63869_1,12839,12839
1214,contig_57784_1,12836,12836
486,contig_50071_1,12805,12805
1557,contig_60220_1,12803,12803
388,contig_19459_1,12770,12770
548,contig_69319_1,12769,12769
1053,contig_46830_1,12765,12765
1518,contig_71809_1,12753,12753
207,contig_3978_1,12742,12742
196,contig_64416_1,12711,12711
1081,contig_64407_1,12697,12697
1413,contig_49568_1,12679,12679
12,contig_44665_1,12674,12674
34,contig_56522_1,12669,12669
1469,contig_66110_1,12641,12641
1185,contig_2099_1,12631,12631
1222,contig_58789_1,12613,12613
1451,contig_63397_1,12582,12582
685,contig_46925_1,12572,12572
159,contig_70346_1,12547,12547
596,contig_55672_1,12545,12545
864,contig_68947_1,12519,12519
820,contig_51694_1,12500,12500
853,contig_63038_1,12489,12489
375,contig_47193_1,12488,12488
20,contig_44701_1,12479,12479
57,contig_3549_1,12450,12450
1162,contig_58201_1,12448,12448
228,contig_43967_1,12430,12430
1113,contig_46125_1,12416,12416
1363,contig_36661_1,12413,12413
1328,contig_54360_1,12384,12384
1166,contig_67463_1,12356,12356
468,contig_65298_1,12352,12352
1055,contig_33522_1,12318,12318
722,contig_64319_1,12301,12301
878,contig_70604_1,12299,12299
25,contig_69414_1,12288,12288
613,contig_30311_1,12282,12282
1219,contig_52721_1,12279,12279
325,contig_31384_1,12270,12270
1240,contig_29987_1,12267,12267
1243,contig_67387_1,12246,12246
1120,contig_62112_1,12242,12242
184,contig_54030_1,12234,12234
87,contig_50431_1,12228,12228
512,contig_32578_1,12202,12202
1549,contig_55883_1,12196,12196
457,contig_29017_1,12179,12179
211,contig_64980_1,12172,12172
1444,contig_4887_1,12164,12164
1618,contig_57942_1,12162,12162
414,contig_49113_1,12160,12160
747,contig_26638_1,12136,12136
1661,contig_14445_1,12126,12126
285,contig_57711_1,12120,12120
224,contig_56721_1,12109,12109
600,contig_56711_1,12094,12094
1590,contig_52055_1,12073,12073
1083,contig_52454_1,12038,12038
616,contig_55571_1,12033,12033
252,contig_37200_1,11999,11999
296,contig_68770_1,11956,11956
1645,contig_2095_1,11944,11944
101,contig_70027_1,11938,11938
504,contig_11290_1,11926,11926
91,contig_56799_1,11916,11916
1380,contig_57813_1,11898,11898
804,contig_71530_1,11870,11870
1253,contig_17342_1,11857,11857
186,contig_3138_1,11849,11849
909,contig_19488_1,11818,11818
890,contig_43520_1,11818,11818
316,contig_52691_1,11817,11817
1130,contig_11100_1,11778,11778
1386,contig_3544_1,11777,11777
289,contig_49122_1,11774,11774
408,contig_38613_1,11757,11757
1412,contig_53441_1,11740,11740
1540,contig_25318_1,11720,11720
1608,contig_34217_1,11705,11705
1431,contig_54400_1,11705,11705
941,contig_11330_1,11679,11679
1383,contig_45928_1,11670,11670
214,contig_54320_1,11656,11656
1506,contig_45917_1,11628,11628
428,contig_32699_1,11605,11605
1048,contig_58741_1,11574,11574
1601,contig_58426_1,11563,11563
1443,contig_51008_1,11552,11552
917,contig_16466_1,11532,11532
61,contig_14552_1,11513,11513
1570,contig_62999_1,11495,11495
464,contig_21031_1,11467,11467
619,contig_50881_1,11466,11466
1194,contig_60139_1,11452,11452
46,contig_55428_1,11451,11451
461,contig_50221_1,11444,11444
1015,contig_60164_1,11437,11437
192,contig_10051_1,11435,11435
1385,contig_59341_1,11420,11420
1693,contig_65985_1,11352,11352
671,contig_34637_1,11334,11334
1578,contig_60647_1,11301,11301
1700,contig_45027_1,11277,11277
90,contig_58110_1,11248,11248
1006,contig_592_1,11238,11238
1295,contig_7529_1,11238,11238
1340,contig_59224_1,11230,11230
273,contig_45105_1,11201,11201
1397,contig_40685_1,11147,11147
1261,contig_68354_1,11147,11147
1226,contig_33308_1,11119,11119
1143,contig_36179_1,11107,11107
362,contig_53912_1,11094,11094
765,contig_61070_1,11076,11076
663,contig_55862_1,11074,11074
1142,contig_48458_1,11044,11044
776,contig_60767_1,11032,11032
617,contig_53503_1,11011,11011
355,contig_11844_1,11010,11010
1648,contig_64618_1,10961,10961
1544,contig_9978_1,10932,10932
1198,contig_24813_1,10930,10930
840,contig_56523_1,10923,10923
30,contig_36184_1,10921,10921
1673,contig_22322_1,10906,10906
213,contig_62501_1,10906,10906
354,contig_49606_1,10858,10858
361,contig_3193_1,10839,10839
1047,contig_11256_1,10836,10836
248,contig_40862_1,10810,10810
424,contig_16587_1,10800,10800
1320,contig_42734_1,10788,10788
219,contig_44877_1,10773,10773
1596,contig_63226_1,10761,10761
794,contig_71679_1,10757,10757
1245,contig_63052_1,10726,10726
796,contig_46702_1,10712,10712
183,contig_60239_1,10707,10707
254,contig_56494_1,10689,10689
1475,contig_62607_1,10656,10656
121,contig_30753_1,10620,10620
1378,contig_42003_1,10614,10614
625,contig_52143_1,10614,10614
610,contig_21120_1,10603,10603
595,contig_35850_1,10570,10570
1545,contig_17006_1,10558,10558
69,contig_68303_1,10490,10490
881,contig_47827_1,10451,10451
1324,contig_54695_1,10446,10446
282,contig_69307_1,10445,10445
320,contig_5402_1,10441,10441
1372,contig_41002_1,10408,10408
1437,contig_47665_1,10386,10386
398,contig_69613_1,10378,10378
1089,contig_45762_1,10377,10377
507,contig_52318_1,10361,10361
769,contig_37562_1,10350,10350
1647,contig_50290_1,10339,10339
1422,contig_68694_1,10338,10338
1289,contig_57535_1,10324,10324
1723,contig_65857_1,10304,10304
647,contig_47819_1,10294,10294
1140,contig_58343_1,10261,10261
369,contig_53048_1,10234,10234
267,contig_43712_1,10227,10227
851,contig_26429_1,10185,10185
714,contig_35796_1,10178,10178
1257,contig_46263_1,10167,10167
1196,contig_37742_1,10156,10156
899,contig_58345_1,10101,10101
1042,contig_59705_1,10096,10096
1251,contig_59275_1,10092,10092
521,contig_48248_1,10091,10091
105,contig_26503_1,10038,10038
1671,contig_71245_1,10013,10013
1127,contig_14385_1,10002,10002
